Ürün Grup ID,Varyant ID,İsim,Açıklama,Satış Fiyatı,İndirimli Fiyatı,Alış Fiyatı,Barkod Listesi,SKU,Silindi mi?,Marka,Kategoriler,Etiketler,Resim URL,Metadata Açıklama,Slug,Stok:Ana Depo,Desi,HS Kod,Google Ürün Kategorisi,Stoğu Tükenince Satmaya Devam Et,Satış Kanalı:safranntuhafiye,Satış Kanalı:GELİVER,Sepet Başına Maksimum Alma Adeti:safranntuhafiye,Varyant Aktiflik
1,101,Cotton Gold Kırmızı,"<ul><li>Kullanım Alanı : Hırka, yelek, süveter</li><li>Karışım : % 45 Akrilik - % 55 Pamuk</li><li>Metraj : 100 gr - 330 m</li><li>Yıkama : 30 derece hassas yıkama</li></ul>",25.50,22.00,15.00,8691234567890,COTGOLD-RED-001,Hayır,Alize,İplikler/Cotton Gold,kırmızı;pamuk;iplik,https://example.com/images/cotton-gold-red-1.jpg;https://example.com/images/cotton-gold-red-2.jpg,Cotton Gold kırmızı renk pamuk karışımlı iplik,cotton-gold-kirmizi,150,0.5,5509,Home & Garden > Crafts > Sewing,Hayır,Evet,Evet,10,Aktif
1,102,Cotton Gold Mavi,"<ul><li>Kullanım Alanı : Hırka, yelek, süveter</li><li>Karışım : % 45 Akrilik - % 55 Pamuk</li><li>Metraj : 100 gr - 330 m</li><li>Yıkama : 30 derece hassas yıkama</li></ul>",25.50,23.00,15.00,8691234567891,COTGOLD-BLUE-001,Hayır,Alize,İplikler/Cotton Gold,mavi;pamuk;iplik,https://example.com/images/cotton-gold-blue-1.jpg;https://example.com/images/cotton-gold-blue-2.jpg,Cotton Gold mavi renk pamuk karışımlı iplik,cotton-gold-mavi,200,0.5,5509,Home & Garden > Crafts > Sewing,Hayır,Evet,Evet,10,Aktif
2,201,Puffy Fine Beyaz,"<ul><li>Kullanım Alanı : Bebek battaniyesi, oyuncak</li><li>Karışım : % 100 Micropolyester</li><li>Metraj : 100 gr - 14.5 m</li><li>Özellik : Çok yumuşak ve kabarık</li></ul>",32.00,28.50,20.00,8691234567892,PUFFY-WHT-001,Hayır,Alize,İplikler/Puffy Fine,beyaz;bebek;yumuşak,https://example.com/images/puffy-white-1.jpg,Puffy Fine beyaz renk bebek battaniyesi ipliği,puffy-fine-beyaz,85,0.8,5509,Home & Garden > Crafts > Sewing,Hayır,Evet,Hayır,5,Aktif
2,202,Puffy Fine Pembe,"<ul><li>Kullanım Alanı : Bebek battaniyesi, oyuncak</li><li>Karışım : % 100 Micropolyester</li><li>Metraj : 100 gr - 14.5 m</li><li>Özellik : Çok yumuşak ve kabarık</li></ul>",32.00,,,8691234567893,PUFFY-PNK-001,Hayır,Alize,İplikler/Puffy Fine,pembe;bebek;yumuşak,https://example.com/images/puffy-pink-1.jpg,Puffy Fine pembe renk bebek battaniyesi ipliği,puffy-fine-pembe,120,0.8,5509,Home & Garden > Crafts > Sewing,Hayır,Evet,Hayır,5,Aktif
3,301,Angora Gold Gri,"<ul><li>Kullanım Alanı : Kazak, hırka, bere</li><li>Karışım : % 10 Angora - % 10 Yün - % 80 Akrilik</li><li>Metraj : 100 gr - 550 m</li><li>Özellik : Yumuşak ve sıcak tutan</li></ul>",45.00,40.00,28.00,8691234567894,ANGORA-GREY-001,Hayır,Alize,İplikler/Angora Gold,gri;angora;kış,https://example.com/images/angora-grey-1.jpg;https://example.com/images/angora-grey-2.jpg;https://example.com/images/angora-grey-3.jpg,Angora Gold gri renk kış ipliği,angora-gold-gri,95,0.6,5109,Home & Garden > Crafts > Sewing,Hayır,Evet,Evet,10,Aktif
3,302,Angora Gold Siyah,"<ul><li>Kullanım Alanı : Kazak, hırka, bere</li><li>Karışım : % 10 Angora - % 10 Yün - % 80 Akrilik</li><li>Metraj : 100 gr - 550 m</li><li>Özellik : Yumuşak ve sıcak tutan</li></ul>",45.00,42.00,28.00,8691234567895,ANGORA-BLK-001,Hayır,Alize,İplikler/Angora Gold,siyah;angora;kış,https://example.com/images/angora-black-1.jpg,Angora Gold siyah renk kış ipliği,angora-gold-siyah,110,0.6,5109,Home & Garden > Crafts > Sewing,Hayır,Evet,Evet,10,Aktif
4,401,Diva Yeşil,"<ul><li>Kullanım Alanı : Şal, atkı, elbise</li><li>Karışım : % 100 Microfiber Akrilik</li><li>Metraj : 100 gr - 350 m</li><li>Özellik : İpeksi ve parlak</li></ul>",28.00,25.00,18.00,8691234567896,DIVA-GRN-001,Hayır,Alize,İplikler/Diva,yeşil;şal;parlak,https://example.com/images/diva-green-1.jpg,Diva yeşil renk ipeksi iplik,diva-yesil,75,0.5,5509,Home & Garden > Crafts > Sewing,Hayır,Evet,Evet,10,Aktif
5,501,Baby Best Krem,"<ul><li>Kullanım Alanı : Bebek battaniyesi, bebek giysileri</li><li>Karışım : % 90 Akrilik - % 10 Bambu</li><li>Metraj : 100 gr - 240 m</li><li>Özellik : Antibakteriyel ve yumuşak</li></ul>",35.00,32.00,22.00,8691234567897,BABY-CRM-001,Hayır,Alize,İplikler/Baby Best,krem;bebek;antibakteriyel,https://example.com/images/baby-cream-1.jpg,Baby Best krem renk bebek ipliği,baby-best-krem,60,0.7,5509,Home & Garden > Crafts > Sewing,Hayır,Evet,Hayır,5,Aktif
6,601,Lanagold Fine Bordo,"<ul><li>Kullanım Alanı : İnce kazak, hırka</li><li>Karışım : % 49 Yün - % 51 Akrilik</li><li>Metraj : 100 gr - 390 m</li><li>Yıkama : Elle yıkama tavsiye edilir</li></ul>",38.00,35.00,24.00,8691234567898,LANA-BOR-001,Hayır,Alize,İplikler/Lanagold Fine,bordo;yün;ince,,Lanagold Fine bordo renk ince yün iplik,lanagold-fine-bordo,0,0.5,5109,Home & Garden > Crafts > Sewing,Hayır,Evet,Evet,10,Pasif
